parent_id,reply_id,parent_time,reply_time,label
552926812469493760,552929112554504192,2015-01-07 20:36:39+00:00,2015-01-07 20:45:48+00:00,D
552794044217450496,552796242733170688,2015-01-07 11:49:05+00:00,2015-01-07 11:57:49+00:00,S
552793552376569856,552793988181524480,2015-01-07 11:47:07+00:00,2015-01-07 11:48:51+00:00,S
552816063369326592,552817834628501505,2015-01-07 13:16:34+00:00,2015-01-07 13:23:37+00:00,D
553007082497396736,553007882761822208,2015-01-08 01:55:37+00:00,2015-01-08 01:58:48+00:00,S
552829586522644480,552833641613500417,2015-01-07 14:10:19+00:00,2015-01-07 14:26:25+00:00,S
553026568675950592,553027099192475650,2015-01-08 03:13:03+00:00,2015-01-08 03:15:09+00:00,D
553019884200677376,553021405668057090,2015-01-08 02:46:29+00:00,2015-01-08 02:52:32+00:00,S
552799595869507584,552799801864359936,2015-01-07 12:11:08+00:00,2015-01-07 12:11:57+00:00,S
552822268456632320,552822831588065280,2015-01-07 13:41:14+00:00,2015-01-07 13:43:28+00:00,S
553022230880600064,553022495272755200,2015-01-08 02:55:49+00:00,2015-01-08 02:56:52+00:00,D
552808637719408640,552811728447078400,2015-01-07 12:47:04+00:00,2015-01-07 12:59:21+00:00,S
552858637723394048,552858755461701634,2015-01-07 16:05:45+00:00,2015-01-07 16:06:13+00:00,S
553005050025746432,553005941604368384,2015-01-08 01:47:32+00:00,2015-01-08 01:51:05+00:00,S
553024613723435008,553025375601971201,2015-01-08 03:05:17+00:00,2015-01-08 03:08:18+00:00,S
552861248904122368,552861636625985536,2015-01-07 16:16:08+00:00,2015-01-07 16:17:40+00:00,D
552794752836313024,552795874317705216,2015-01-07 11:51:54+00:00,2015-01-07 11:56:21+00:00,D
552810175049244736,552810426422267904,2015-01-07 12:53:11+00:00,2015-01-07 12:54:11+00:00,S
553004196749127680,553005318805127168,2015-01-08 01:44:09+00:00,2015-01-08 01:48:37+00:00,S
553008797732851712,553009854462558209,2015-01-08 02:02:26+00:00,2015-01-08 02:06:38+00:00,S
552827101565308864,552958175184707584,2015-01-07 14:00:26+00:00,2015-01-07 22:41:17+00:00,D
553016492321955840,553020372212146176,2015-01-08 02:33:00+00:00,2015-01-08 02:48:26+00:00,D
552816726144864256,552817356779433984,2015-01-07 13:19:13+00:00,2015-01-07 13:21:43+00:00,D
553014165183279104,553014664146460672,2015-01-08 02:23:46+00:00,2015-01-08 02:25:45+00:00,D
552820369216647168,552822896934916096,2015-01-07 13:33:41+00:00,2015-01-07 13:43:44+00:00,D
552863738609418240,552863854473256962,2015-01-07 16:26:01+00:00,2015-01-07 16:26:29+00:00,D
552801562230521856,552802020907036673,2015-01-07 12:18:57+00:00,2015-01-07 12:20:47+00:00,S
553027497353564160,553027866334859264,2015-01-08 03:16:44+00:00,2015-01-08 03:18:12+00:00,D
552843131977498560,552844898647277568,2015-01-07 15:04:08+00:00,2015-01-07 15:11:09+00:00,S
553015194704953280,553015701871820800,2015-01-08 02:27:51+00:00,2015-01-08 02:29:52+00:00,D
552793552376569856,552794044217450496,2015-01-07 11:47:07+00:00,2015-01-07 11:49:05+00:00,S
553015701871820800,553016991804841984,2015-01-08 02:29:52+00:00,2015-01-08 02:35:00+00:00,D
552999353921839104,553001005957525504,2015-01-08 01:24:54+00:00,2015-01-08 01:31:28+00:00,I
552798490301317120,552798939867774976,2015-01-07 12:06:45+00:00,2015-01-07 12:08:32+00:00,D
552815897425891264,552816386154590208,2015-01-07 13:15:55+00:00,2015-01-07 13:17:51+00:00,D
552795253426913280,552796249100144640,2015-01-07 11:53:53+00:00,2015-01-07 11:57:50+00:00,D
553007721453481984,553008099427360768,2015-01-08 01:58:09+00:00,2015-01-08 01:59:39+00:00,S
552798709810212864,552799383411240960,2015-01-07 12:07:37+00:00,2015-01-07 12:10:18+00:00,D
553026568675950592,553027318235807744,2015-01-08 03:13:03+00:00,2015-01-08 03:16:02+00:00,D
553012964731936768,553013594468540416,2015-01-08 02:18:59+00:00,2015-01-08 02:21:30+00:00,D
553002955029643264,553005050025746432,2015-01-08 01:39:13+00:00,2015-01-08 01:47:32+00:00,S
552799389023227904,552800111714385920,2015-01-07 12:10:19+00:00,2015-01-07 12:13:11+00:00,D
552836780316454912,552836998138822656,2015-01-07 14:38:54+00:00,2015-01-07 14:39:46+00:00,D
553003675485229056,553004699461627905,2015-01-08 01:42:05+00:00,2015-01-08 01:46:09+00:00,D
552858001540153280,552858637723394049,2015-01-07 16:03:13+00:00,2015-01-07 16:05:45+00:00,D
553009854462558208,553012730278731777,2015-01-08 02:06:38+00:00,2015-01-08 02:18:04+00:00,S
552914941234393088,552915545209978880,2015-01-07 19:49:29+00:00,2015-01-07 19:51:53+00:00,D
552793107813498880,552798378762194944,2015-01-07 11:45:21+00:00,2015-01-07 12:06:18+00:00,I
552831118966136832,552831657871278085,2015-01-07 14:16:24+00:00,2015-01-07 14:18:33+00:00,D
552831657871278080,552833199651311616,2015-01-07 14:18:33+00:00,2015-01-07 14:24:40+00:00,D
552808071387701248,552814398080036867,2015-01-07 12:44:49+00:00,2015-01-07 13:09:57+00:00,D
553020042019749824,553021608118718464,2015-01-08 02:47:07+00:00,2015-01-08 02:53:20+00:00,D
552812691509616640,552815133299187712,2015-01-07 13:03:11+00:00,2015-01-07 13:12:53+00:00,D
552796741045854208,552797572394647552,2015-01-07 11:59:48+00:00,2015-01-07 12:03:06+00:00,S
553006429510967296,553006712421355520,2015-01-08 01:53:01+00:00,2015-01-08 01:54:09+00:00,S
553022230880600064,553022908696895488,2015-01-08 02:55:49+00:00,2015-01-08 02:58:30+00:00,S
553000504167788480,553000917331890177,2015-01-08 01:29:29+00:00,2015-01-08 01:31:07+00:00,S
552795415431876608,552795895839068162,2015-01-07 11:54:32+00:00,2015-01-07 11:56:26+00:00,D
553023316920107008,553023532993507330,2015-01-08 03:00:08+00:00,2015-01-08 03:00:59+00:00,S
552803655272108032,552804003198021634,2015-01-07 12:27:16+00:00,2015-01-07 12:28:39+00:00,D
552998622384914432,553035652418523136,2015-01-08 01:22:00+00:00,2015-01-08 03:49:09+00:00,D
552793552376569856,552794440654663680,2015-01-07 11:47:07+00:00,2015-01-07 11:50:39+00:00,D
553009019259191296,553009298838519808,2015-01-08 02:03:19+00:00,2015-01-08 02:04:25+00:00,S
552858001540153280,552860523705139201,2015-01-07 16:03:13+00:00,2015-01-07 16:13:15+00:00,D
552810166492872704,552820260014137344,2015-01-07 12:53:09+00:00,2015-01-07 13:33:15+00:00,D
552800515743297536,552821723855601664,2015-01-07 12:14:48+00:00,2015-01-07 13:39:04+00:00,D
552796966665482240,552797681769119745,2015-01-07 12:00:41+00:00,2015-01-07 12:03:32+00:00,S
552820213129809920,552820677338595328,2015-01-07 13:33:04+00:00,2015-01-07 13:34:55+00:00,D
553014557010968576,553015194704953346,2015-01-08 02:25:19+00:00,2015-01-08 02:27:51+00:00,D
553026568675950592,553027353581223938,2015-01-08 03:13:03+00:00,2015-01-08 03:16:10+00:00,S
553012730278731776,553014165183279104,2015-01-08 02:18:04+00:00,2015-01-08 02:23:46+00:00,S
552807385496973312,552811444119797761,2015-01-07 12:42:06+00:00,2015-01-07 12:58:13+00:00,S
553014165183279104,553014961820430336,2015-01-08 02:23:46+00:00,2015-01-08 02:26:56+00:00,S
552817834628501504,552818721874378752,2015-01-07 13:23:37+00:00,2015-01-07 13:27:08+00:00,D
552955916057079808,553016352609665025,2015-01-07 22:32:18+00:00,2015-01-08 02:32:27+00:00,S
553005709797781504,553006884673028096,2015-01-08 01:50:10+00:00,2015-01-08 01:54:50+00:00,S
552823449799098368,552824767519416321,2015-01-07 13:45:56+00:00,2015-01-07 13:51:10+00:00,D
553029253374418880,553029946759974914,2015-01-08 03:23:43+00:00,2015-01-08 03:26:28+00:00,S
553000276077342720,553001535488409600,2015-01-08 01:28:34+00:00,2015-01-08 01:33:34+00:00,D
552861620930494464,552862620639064064,2015-01-07 16:17:36+00:00,2015-01-07 16:21:35+00:00,I
553121495791464448,553556666969763841,2015-01-08 09:30:15+00:00,2015-01-09 14:19:28+00:00,D
552914032995622912,552916123562561538,2015-01-07 19:45:52+00:00,2015-01-07 19:54:11+00:00,D
552842006632747008,552842712655728640,2015-01-07 14:59:40+00:00,2015-01-07 15:02:28+00:00,D
553025518174756864,553026568675950592,2015-01-08 03:08:52+00:00,2015-01-08 03:13:03+00:00,D
552824954505682880,552825005596508160,2015-01-07 13:51:54+00:00,2015-01-07 13:52:06+00:00,I
552800439339868160,552800841661689856,2015-01-07 12:14:29+00:00,2015-01-07 12:16:05+00:00,D
553016991804841984,553018873667006464,2015-01-08 02:35:00+00:00,2015-01-08 02:42:28+00:00,D
552795162250731520,552796004311781378,2015-01-07 11:53:31+00:00,2015-01-07 11:56:52+00:00,S
552985502354124800,552986803813486592,2015-01-08 00:29:52+00:00,2015-01-08 00:35:02+00:00,S
552933213367451648,552944249919275008,2015-01-07 21:02:05+00:00,2015-01-07 21:45:57+00:00,S
553009176298131456,553011358141124608,2015-01-08 02:03:56+00:00,2015-01-08 02:12:36+00:00,S
553003456710340608,553005177968410624,2015-01-08 01:41:13+00:00,2015-01-08 01:48:03+00:00,D
553013594468540416,553138631570124800,2015-01-08 02:21:30+00:00,2015-01-08 10:38:21+00:00,D
552808195710664704,552812255805325313,2015-01-07 12:45:19+00:00,2015-01-07 13:01:27+00:00,D
552793107813498880,552794883430166529,2015-01-07 11:45:21+00:00,2015-01-07 11:52:25+00:00,S
552999988910125056,553000496051781634,2015-01-08 01:27:26+00:00,2015-01-08 01:29:27+00:00,S
552808071387701248,552808246969638913,2015-01-07 12:44:49+00:00,2015-01-07 12:45:31+00:00,D
552836470965547008,552838390052556800,2015-01-07 14:37:40+00:00,2015-01-07 14:45:18+00:00,D
552817149673082880,552817983572017153,2015-01-07 13:20:53+00:00,2015-01-07 13:24:12+00:00,D
553007781612363776,553008291609993216,2015-01-08 01:58:24+00:00,2015-01-08 02:00:25+00:00,I
552798744228659200,552799389023227904,2015-01-07 12:07:45+00:00,2015-01-07 12:10:19+00:00,D
553007954312830976,553010783555436544,2015-01-08 01:59:05+00:00,2015-01-08 02:10:19+00:00,I
553003456710340608,553004196749127680,2015-01-08 01:41:13+00:00,2015-01-08 01:44:09+00:00,S
553022461185236992,553023820685381633,2015-01-08 02:56:44+00:00,2015-01-08 03:02:08+00:00,S
552997674094690304,553001243950710785,2015-01-08 01:18:14+00:00,2015-01-08 01:32:25+00:00,D
552797010961911808,552819989506711552,2015-01-07 12:00:52+00:00,2015-01-07 13:32:11+00:00,D
552862061705711616,552862315457290241,2015-01-07 16:19:21+00:00,2015-01-07 16:20:22+00:00,S
553023981088169984,553024316049457152,2015-01-08 03:02:46+00:00,2015-01-08 03:04:06+00:00,D
552812255805325312,552815468252127232,2015-01-07 13:01:27+00:00,2015-01-07 13:14:13+00:00,D
553022347213832192,553022887968251904,2015-01-08 02:56:16+00:00,2015-01-08 02:58:25+00:00,D
553013878821376000,553014450304081921,2015-01-08 02:22:37+00:00,2015-01-08 02:24:54+00:00,S
552824703144837120,552825451563864065,2015-01-07 13:50:54+00:00,2015-01-07 13:53:53+00:00,D
553005343023058880,553007781612363776,2015-01-08 01:48:42+00:00,2015-01-08 01:58:24+00:00,S
552862061705711616,552862503567622146,2015-01-07 16:19:21+00:00,2015-01-07 16:21:07+00:00,I
553029791805603840,553030288901955586,2015-01-08 03:25:51+00:00,2015-01-08 03:27:50+00:00,D
552825417762340864,552826361627561984,2015-01-07 13:53:45+00:00,2015-01-07 13:57:30+00:00,D
553008350913650624,553011822819676162,2015-01-08 02:00:39+00:00,2015-01-08 02:14:27+00:00,D
553007882761822208,553010921011179521,2015-01-08 01:58:48+00:00,2015-01-08 02:10:52+00:00,D
552805488631758848,552807316031287296,2015-01-07 12:34:33+00:00,2015-01-07 12:41:49+00:00,S
552794404315217920,552795415431876608,2015-01-07 11:50:31+00:00,2015-01-07 11:54:32+00:00,D
552836470965547008,552838198179921921,2015-01-07 14:37:40+00:00,2015-01-07 14:44:32+00:00,D
552805838323478464,552807055275220996,2015-01-07 12:35:57+00:00,2015-01-07 12:40:47+00:00,S
552808071387701248,552808702022266881,2015-01-07 12:44:49+00:00,2015-01-07 12:47:19+00:00,S
553138631570124800,553424793899237377,2015-01-08 10:38:21+00:00,2015-01-09 05:35:27+00:00,S
552814843288223680,552816281737363458,2015-01-07 13:11:44+00:00,2015-01-07 13:17:27+00:00,D
552797841429888960,552798146083180544,2015-01-07 12:04:10+00:00,2015-01-07 12:05:23+00:00,D
552815787484778496,552816366101614592,2015-01-07 13:15:29+00:00,2015-01-07 13:17:47+00:00,D
552862967759265792,552863037686689792,2015-01-07 16:22:57+00:00,2015-01-07 16:23:14+00:00,S
552798939867774976,552799113813966849,2015-01-07 12:08:32+00:00,2015-01-07 12:09:13+00:00,D
552814354588909568,552814843288223744,2015-01-07 13:09:47+00:00,2015-01-07 13:11:44+00:00,D
552826361627561984,552828005220110336,2015-01-07 13:57:30+00:00,2015-01-07 14:04:02+00:00,D
553005311905107968,553005727707832320,2015-01-08 01:48:35+00:00,2015-01-08 01:50:14+00:00,D
552806728333799360,552807449011703809,2015-01-07 12:39:29+00:00,2015-01-07 12:42:21+00:00,D
552798543405383680,552799618195800064,2015-01-07 12:06:57+00:00,2015-01-07 12:11:14+00:00,D
552803124852039680,552803863896817664,2015-01-07 12:25:10+00:00,2015-01-07 12:28:06+00:00,S
552797841429888960,552798175401349120,2015-01-07 12:04:10+00:00,2015-01-07 12:05:30+00:00,D
552981696123916224,552982571575832577,2015-01-08 00:14:44+00:00,2015-01-08 00:18:13+00:00,D
552827625153261568,552827961188298752,2015-01-07 14:02:31+00:00,2015-01-07 14:03:51+00:00,I
552798709810212864,552799592396652544,2015-01-07 12:07:37+00:00,2015-01-07 12:11:08+00:00,D
553025165945491456,553026018936909825,2015-01-08 03:07:28+00:00,2015-01-08 03:10:52+00:00,S
552795253426913280,552796652181127168,2015-01-07 11:53:53+00:00,2015-01-07 11:59:27+00:00,D
553023753354240000,553024613723435008,2015-01-08 03:01:52+00:00,2015-01-08 03:05:17+00:00,S
552822268456632320,552823449799098368,2015-01-07 13:41:14+00:00,2015-01-07 13:45:56+00:00,D
552978808811581440,552981424739856385,2015-01-08 00:03:16+00:00,2015-01-08 00:13:40+00:00,D
552841666600906816,552841966489055232,2015-01-07 14:58:19+00:00,2015-01-07 14:59:30+00:00,D
552816852788068416,552817304581722114,2015-01-07 13:19:43+00:00,2015-01-07 13:21:30+00:00,D
552802022240837632,552866017404530689,2015-01-07 12:20:47+00:00,2015-01-07 16:35:04+00:00,S
552808282440859648,552845552770351105,2015-01-07 12:45:39+00:00,2015-01-07 15:13:45+00:00,D
552814227686428736,552827101565308928,2015-01-07 13:09:17+00:00,2015-01-07 14:00:26+00:00,D
552863185259483136,552863443028439040,2015-01-07 16:23:49+00:00,2015-01-07 16:24:51+00:00,D
553004375405510656,553004602598371328,2015-01-08 01:44:52+00:00,2015-01-08 01:45:46+00:00,S
553015350560706560,553016492321955840,2015-01-08 02:28:28+00:00,2015-01-08 02:33:00+00:00,I
553016991804841984,553020042019749889,2015-01-08 02:35:00+00:00,2015-01-08 02:47:07+00:00,S
552801421880737792,552801985473544192,2015-01-07 12:18:24+00:00,2015-01-07 12:20:38+00:00,S
553001768817549312,553002037160734720,2015-01-08 01:34:30+00:00,2015-01-08 01:35:34+00:00,S
552822831588065280,552824318242353155,2015-01-07 13:43:28+00:00,2015-01-07 13:49:23+00:00,S
552814935688740864,552848069629575168,2015-01-07 13:12:06+00:00,2015-01-07 15:23:45+00:00,S
552805987053490176,552807834078171136,2015-01-07 12:36:32+00:00,2015-01-07 12:43:52+00:00,I
552828607278878720,552833898493652993,2015-01-07 14:06:25+00:00,2015-01-07 14:27:27+00:00,D
552828607278878720,552834268196376576,2015-01-07 14:06:25+00:00,2015-01-07 14:28:55+00:00,D
552828005220110336,552842363522277376,2015-01-07 14:04:02+00:00,2015-01-07 15:01:05+00:00,D
552793552376569856,552793815053271040,2015-01-07 11:47:07+00:00,2015-01-07 11:48:10+00:00,S
553023532993507264,553025008206106624,2015-01-08 03:00:59+00:00,2015-01-08 03:06:51+00:00,S
553029253374418880,553029791805603840,2015-01-08 03:23:43+00:00,2015-01-08 03:25:51+00:00,S
553020491372322816,553022347213832192,2015-01-08 02:48:54+00:00,2015-01-08 02:56:16+00:00,D
553003675485229056,553004387937705984,2015-01-08 01:42:05+00:00,2015-01-08 01:44:55+00:00,S
553008350913650624,553008567574601728,2015-01-08 02:00:39+00:00,2015-01-08 02:01:31+00:00,S
552917068249858048,552918117735993344,2015-01-07 19:57:56+00:00,2015-01-07 20:02:06+00:00,D
552916503109328896,552916988243505153,2015-01-07 19:55:41+00:00,2015-01-07 19:57:37+00:00,D
553014215293042624,553015350560706560,2015-01-08 02:23:58+00:00,2015-01-08 02:28:28+00:00,D
553005709797781504,553006627419602944,2015-01-08 01:50:10+00:00,2015-01-08 01:53:49+00:00,D
552810550296850432,552811787486113792,2015-01-07 12:54:40+00:00,2015-01-07 12:59:35+00:00,D
552809757225287680,552810175049244672,2015-01-07 12:51:31+00:00,2015-01-07 12:53:11+00:00,D
552793552376569856,552793752239353856,2015-01-07 11:47:07+00:00,2015-01-07 11:47:55+00:00,S
552806494283251712,552808456894169089,2015-01-07 12:38:33+00:00,2015-01-07 12:46:21+00:00,D
552798196498718720,552798543405383681,2015-01-07 12:05:35+00:00,2015-01-07 12:06:57+00:00,D
552861792112631808,552861844646273024,2015-01-07 16:18:17+00:00,2015-01-07 16:18:30+00:00,D
552798196498718720,552798490301317120,2015-01-07 12:05:35+00:00,2015-01-07 12:06:45+00:00,D
552828607278878720,552833655626661888,2015-01-07 14:06:25+00:00,2015-01-07 14:26:29+00:00,D
552808071387701248,552808894649888768,2015-01-07 12:44:49+00:00,2015-01-07 12:48:05+00:00,S
553021405668057024,553022326879428610,2015-01-08 02:52:32+00:00,2015-01-08 02:56:12+00:00,S
552858637723394048,552859696831684611,2015-01-07 16:05:45+00:00,2015-01-07 16:09:58+00:00,D
552821805254447104,552823570293096449,2015-01-07 13:39:23+00:00,2015-01-07 13:46:24+00:00,D
552837775817703424,552838398092668928,2015-01-07 14:42:51+00:00,2015-01-07 14:45:20+00:00,D
553004387937705984,553005343023058944,2015-01-08 01:44:55+00:00,2015-01-08 01:48:42+00:00,D
553022887968251904,553025074174099456,2015-01-08 02:58:25+00:00,2015-01-08 03:07:07+00:00,D
553026018936909760,553028600493256704,2015-01-08 03:10:52+00:00,2015-01-08 03:21:07+00:00,D
553023753354240000,553024326107402240,2015-01-08 03:01:52+00:00,2015-01-08 03:04:08+00:00,D
552983473648967680,552984685362819072,2015-01-08 00:21:48+00:00,2015-01-08 00:26:37+00:00,D
552827101565308864,552957527508660226,2015-01-07 14:00:26+00:00,2015-01-07 22:38:42+00:00,D
552793552376569856,552793834254778368,2015-01-07 11:47:07+00:00,2015-01-07 11:48:15+00:00,S
553028600493256704,553029475295055872,2015-01-08 03:21:07+00:00,2015-01-08 03:24:36+00:00,D
552798709810212864,552799558246600704,2015-01-07 12:07:37+00:00,2015-01-07 12:10:59+00:00,D
553007082497396736,553007954312830978,2015-01-08 01:55:37+00:00,2015-01-08 01:59:05+00:00,I
553026568675950592,553026967038337024,2015-01-08 03:13:03+00:00,2015-01-08 03:14:38+00:00,D
552803291089100800,552803655272108032,2015-01-07 12:25:49+00:00,2015-01-07 12:27:16+00:00,D
552863385029971968,552863738609418240,2015-01-07 16:24:37+00:00,2015-01-07 16:26:01+00:00,D
552822474543742976,552857164742938625,2015-01-07 13:42:03+00:00,2015-01-07 15:59:54+00:00,S
552997674094690304,552998990992900096,2015-01-08 01:18:14+00:00,2015-01-08 01:23:28+00:00,D
552793552376569856,552793817137807360,2015-01-07 11:47:07+00:00,2015-01-07 11:48:11+00:00,I
553025755836596160,553027497353564160,2015-01-08 03:09:49+00:00,2015-01-08 03:16:44+00:00,S
552803310730616832,552807240701198337,2015-01-07 12:25:54+00:00,2015-01-07 12:41:31+00:00,D
552826919503544320,552827625153261568,2015-01-07 13:59:43+00:00,2015-01-07 14:02:31+00:00,D
553028600493256704,553029060184784896,2015-01-08 03:21:07+00:00,2015-01-08 03:22:57+00:00,S
552999463741317120,552999988910125058,2015-01-08 01:25:21+00:00,2015-01-08 01:27:26+00:00,S
552848557766873024,552900577697751041,2015-01-07 15:25:42+00:00,2015-01-07 18:52:24+00:00,D
552800968581345280,552801421880737792,2015-01-07 12:16:36+00:00,2015-01-07 12:18:24+00:00,D
552842363522277376,552848838990757888,2015-01-07 15:01:05+00:00,2015-01-07 15:26:49+00:00,D
552824618797764608,552824957869506561,2015-01-07 13:50:34+00:00,2015-01-07 13:51:55+00:00,D
552856286337847296,552858773149478914,2015-01-07 15:56:24+00:00,2015-01-07 16:06:17+00:00,S
553036006803656704,553037446875983872,2015-01-08 03:50:33+00:00,2015-01-08 03:56:16+00:00,D
552826830038642624,552827310735253507,2015-01-07 13:59:21+00:00,2015-01-07 14:01:16+00:00,D
552860870838325248,552861248904122368,2015-01-07 16:14:37+00:00,2015-01-07 16:16:08+00:00,D
552817777816641600,552823583387713536,2015-01-07 13:23:23+00:00,2015-01-07 13:46:27+00:00,D
553003456710340608,553003834633891841,2015-01-08 01:41:13+00:00,2015-01-08 01:42:43+00:00,D
552793988181524480,552799500314902528,2015-01-07 11:48:51+00:00,2015-01-07 12:10:46+00:00,D
552805488631758848,552806469217681409,2015-01-07 12:34:33+00:00,2015-01-07 12:38:27+00:00,S
553028600493256704,553029253374418944,2015-01-08 03:21:07+00:00,2015-01-08 03:23:43+00:00,S
552808071387701248,552811683840655360,2015-01-07 12:44:49+00:00,2015-01-07 12:59:10+00:00,S
552993818816299008,552996121103331331,2015-01-08 01:02:55+00:00,2015-01-08 01:12:04+00:00,S
553005478750740480,553006598915112960,2015-01-08 01:49:15+00:00,2015-01-08 01:53:42+00:00,S
552794883430166464,552795162250731520,2015-01-07 11:52:25+00:00,2015-01-07 11:53:31+00:00,S
553003834633891840,553004375405510658,2015-01-08 01:42:43+00:00,2015-01-08 01:44:52+00:00,D
552861254684250112,552861486880530433,2015-01-07 16:16:09+00:00,2015-01-07 16:17:04+00:00,D
553009176298131456,553011627641937920,2015-01-08 02:03:56+00:00,2015-01-08 02:13:41+00:00,S
552824318242353216,552824618797764608,2015-01-07 13:49:23+00:00,2015-01-07 13:50:34+00:00,I
552819989506711616,552822268456632322,2015-01-07 13:32:11+00:00,2015-01-07 13:41:14+00:00,D
552824767519416320,552827651665440771,2015-01-07 13:51:10+00:00,2015-01-07 14:02:37+00:00,D
553001535488409600,553004204634415104,2015-01-08 01:33:34+00:00,2015-01-08 01:44:11+00:00,S
552848069629575168,552900298516484098,2015-01-07 15:23:45+00:00,2015-01-07 18:51:18+00:00,D
552792271243210816,552796356038115328,2015-01-07 11:42:02+00:00,2015-01-07 11:58:16+00:00,S
553015147480903680,553015876652642304,2015-01-08 02:27:40+00:00,2015-01-08 02:30:34+00:00,I
552816726144864256,552816942193467396,2015-01-07 13:19:13+00:00,2015-01-07 13:20:04+00:00,D
553001535488409600,553003675485229057,2015-01-08 01:33:34+00:00,2015-01-08 01:42:05+00:00,D
552805488631758848,552807670710038528,2015-01-07 12:34:33+00:00,2015-01-07 12:43:14+00:00,S
552843131977498560,552899871553105921,2015-01-07 15:04:08+00:00,2015-01-07 18:49:36+00:00,D
553005177968410560,553006061477986305,2015-01-08 01:48:03+00:00,2015-01-08 01:51:34+00:00,D
553008291609993216,553011407005175808,2015-01-08 02:00:25+00:00,2015-01-08 02:12:48+00:00,D
552820260014137280,552907241985413120,2015-01-07 13:33:15+00:00,2015-01-07 19:18:53+00:00,D
552796004311781376,552858001540153346,2015-01-07 11:56:52+00:00,2015-01-07 16:03:13+00:00,D
552915545209978880,552917068249858048,2015-01-07 19:51:53+00:00,2015-01-07 19:57:56+00:00,D
552844898647277568,552899463409594368,2015-01-07 15:11:09+00:00,2015-01-07 18:47:59+00:00,S
552814935688740864,552848557766873090,2015-01-07 13:12:06+00:00,2015-01-07 15:25:42+00:00,D
552801738366136320,552802295306788864,2015-01-07 12:19:39+00:00,2015-01-07 12:21:52+00:00,D
553004204365996032,553006998204456961,2015-01-08 01:44:11+00:00,2015-01-08 01:55:17+00:00,D
553000496051781632,553001768817549312,2015-01-08 01:29:27+00:00,2015-01-08 01:34:30+00:00,S
553008797732851712,553010382881959936,2015-01-08 02:02:26+00:00,2015-01-08 02:08:44+00:00,D
552855928815362048,552856286337847298,2015-01-07 15:54:59+00:00,2015-01-07 15:56:24+00:00,S
552799823506980864,552955916057079809,2015-01-07 12:12:03+00:00,2015-01-07 22:32:18+00:00,D
552999353921839104,553000504167788546,2015-01-08 01:24:54+00:00,2015-01-08 01:29:29+00:00,I
552797572394647616,552797819267194880,2015-01-07 12:03:06+00:00,2015-01-07 12:04:05+00:00,D
552792271243210816,552795389129400320,2015-01-07 11:42:02+00:00,2015-01-07 11:54:25+00:00,I
552836185052430336,552838019880075265,2015-01-07 14:36:32+00:00,2015-01-07 14:43:49+00:00,S
553006155833024512,553007217096396800,2015-01-08 01:51:56+00:00,2015-01-08 01:56:09+00:00,D
553027497353564160,553028397484748801,2015-01-08 03:16:44+00:00,2015-01-08 03:20:19+00:00,D
552985502354124800,552986593657905152,2015-01-08 00:29:52+00:00,2015-01-08 00:34:12+00:00,D
553004196749127680,553005160675696641,2015-01-08 01:44:09+00:00,2015-01-08 01:47:59+00:00,S
552819015282737216,552819482435932160,2015-01-07 13:28:18+00:00,2015-01-07 13:30:10+00:00,D
552802020907036736,552803090265821184,2015-01-07 12:20:47+00:00,2015-01-07 12:25:01+00:00,S
552923229921509376,552923356283297792,2015-01-07 20:22:25+00:00,2015-01-07 20:22:55+00:00,S
552792271243210816,552793107813498880,2015-01-07 11:42:02+00:00,2015-01-07 11:45:21+00:00,S
552812435321536512,552813227793321984,2015-01-07 13:02:09+00:00,2015-01-07 13:05:18+00:00,D
553006061477986304,553006429510967296,2015-01-08 01:51:34+00:00,2015-01-08 01:53:01+00:00,S
552825417762340864,552827053041790977,2015-01-07 13:53:45+00:00,2015-01-07 14:00:15+00:00,S
552795253426913280,552799301223866368,2015-01-07 11:53:53+00:00,2015-01-07 12:09:58+00:00,S
552837775817703424,552838118148022272,2015-01-07 14:42:51+00:00,2015-01-07 14:44:13+00:00,D
552817149673082880,552817735160176641,2015-01-07 13:20:53+00:00,2015-01-07 13:23:13+00:00,D
553022461185236992,553023981088169984,2015-01-08 02:56:44+00:00,2015-01-08 03:02:46+00:00,D
552793107813498880,552798232313868288,2015-01-07 11:45:21+00:00,2015-01-07 12:05:43+00:00,I
552840808995749888,552841304720171009,2015-01-07 14:54:54+00:00,2015-01-07 14:56:52+00:00,D
552842712655728640,552844164883181570,2015-01-07 15:02:28+00:00,2015-01-07 15:08:14+00:00,D
552808071387701248,552809062069727232,2015-01-07 12:44:49+00:00,2015-01-07 12:48:45+00:00,D
553024613723435008,553025213131390976,2015-01-08 03:05:17+00:00,2015-01-08 03:07:40+00:00,D
552805488631758848,552805847777415168,2015-01-07 12:34:33+00:00,2015-01-07 12:35:59+00:00,S
552815133299187712,552816072902979584,2015-01-07 13:12:53+00:00,2015-01-07 13:16:37+00:00,D
552819494372921280,552819812435369987,2015-01-07 13:30:13+00:00,2015-01-07 13:31:28+00:00,S
552861154570014720,552861492312571904,2015-01-07 16:15:45+00:00,2015-01-07 16:17:06+00:00,D
553001243950710784,553004001281576960,2015-01-08 01:32:25+00:00,2015-01-08 01:43:22+00:00,I
553004204365996032,553004976474423296,2015-01-08 01:44:11+00:00,2015-01-08 01:47:15+00:00,D
552813227793321984,552813949427544064,2015-01-07 13:05:18+00:00,2015-01-07 13:08:10+00:00,S
552825005596508160,552825682741710848,2015-01-07 13:52:06+00:00,2015-01-07 13:54:48+00:00,D
552799389023227904,552799983750361088,2015-01-07 12:10:19+00:00,2015-01-07 12:12:41+00:00,I
552863196067790848,552863470467973121,2015-01-07 16:23:52+00:00,2015-01-07 16:24:57+00:00,D
552840198447321024,552842006632747009,2015-01-07 14:52:29+00:00,2015-01-07 14:59:40+00:00,D
552924904283455488,552928919553581057,2015-01-07 20:29:04+00:00,2015-01-07 20:45:02+00:00,D
552823583387713600,552824655510523905,2015-01-07 13:46:27+00:00,2015-01-07 13:50:43+00:00,D
552993818816299008,552994572297834496,2015-01-08 01:02:55+00:00,2015-01-08 01:05:54+00:00,D
553006953337598016,553009167146188802,2015-01-08 01:55:06+00:00,2015-01-08 02:03:54+00:00,D
552792271243210816,552796537668272128,2015-01-07 11:42:02+00:00,2015-01-07 11:58:59+00:00,S
552998622384914432,553036006803656704,2015-01-08 01:22:00+00:00,2015-01-08 03:50:33+00:00,D
553015098051010560,553017112437211140,2015-01-08 02:27:28+00:00,2015-01-08 02:35:28+00:00,D
552807316031287296,552811993145835520,2015-01-07 12:41:49+00:00,2015-01-07 13:00:24+00:00,D
553001243950710784,553002739664715776,2015-01-08 01:32:25+00:00,2015-01-08 01:38:22+00:00,S
552994572297834496,552999061151039488,2015-01-08 01:05:54+00:00,2015-01-08 01:23:45+00:00,D
552845341268013056,552855928815362049,2015-01-07 15:12:55+00:00,2015-01-07 15:54:59+00:00,D
552994572297834496,552998806418386946,2015-01-08 01:05:54+00:00,2015-01-08 01:22:44+00:00,S
552816072902979584,552819966006001664,2015-01-07 13:16:37+00:00,2015-01-07 13:32:05+00:00,D
552796356038115264,552802022240837633,2015-01-07 11:58:16+00:00,2015-01-07 12:20:47+00:00,S
552795865317122048,552797063243902977,2015-01-07 11:56:19+00:00,2015-01-07 12:01:05+00:00,S
553026018936909760,553029156905435137,2015-01-08 03:10:52+00:00,2015-01-08 03:23:20+00:00,S
553014908905074624,553015846596280321,2015-01-08 02:26:43+00:00,2015-01-08 02:30:27+00:00,I
553011627641937920,553012559813820417,2015-01-08 02:13:41+00:00,2015-01-08 02:17:23+00:00,S
553006155833024512,553007110003236865,2015-01-08 01:51:56+00:00,2015-01-08 01:55:44+00:00,S
553021405668057024,553022461185236992,2015-01-08 02:52:32+00:00,2015-01-08 02:56:44+00:00,D
553001243950710784,553004204365996032,2015-01-08 01:32:25+00:00,2015-01-08 01:44:11+00:00,D
553008797732851712,553013878821376000,2015-01-08 02:02:26+00:00,2015-01-08 02:22:37+00:00,D
553006953337598016,553008797732851712,2015-01-08 01:55:06+00:00,2015-01-08 02:02:26+00:00,D
553004001281576960,553005787610894336,2015-01-08 01:43:22+00:00,2015-01-08 01:50:28+00:00,S
553006155833024512,553006953337597952,2015-01-08 01:51:56+00:00,2015-01-08 01:55:06+00:00,S
553139145099710464,553424235461214210,2015-01-08 10:40:23+00:00,2015-01-09 05:33:14+00:00,D
553006429510967296,553009176298131459,2015-01-08 01:53:01+00:00,2015-01-08 02:03:56+00:00,D
553012559813820416,553012814512549888,2015-01-08 02:17:23+00:00,2015-01-08 02:18:24+00:00,S
553023981088169984,553024882225577985,2015-01-08 03:02:46+00:00,2015-01-08 03:06:21+00:00,D
553004602598371264,553005311905107968,2015-01-08 01:45:46+00:00,2015-01-08 01:48:35+00:00,D
552998622384914432,553036330129948672,2015-01-08 01:22:00+00:00,2015-01-08 03:51:50+00:00,S
553005709797781504,553006822400208896,2015-01-08 01:50:10+00:00,2015-01-08 01:54:35+00:00,D
553020372212146176,553021922502795264,2015-01-08 02:48:26+00:00,2015-01-08 02:54:35+00:00,D
553138631570124800,553424649439027200,2015-01-08 10:38:21+00:00,2015-01-09 05:34:53+00:00,D
553016991804841984,553019884200677378,2015-01-08 02:35:00+00:00,2015-01-08 02:46:29+00:00,S
553004196749127680,553005478750740480,2015-01-08 01:44:09+00:00,2015-01-08 01:49:15+00:00,S
553004204365996032,553006155833024513,2015-01-08 01:44:11+00:00,2015-01-08 01:51:56+00:00,D
552998990992900096,552999353921839105,2015-01-08 01:23:28+00:00,2015-01-08 01:24:54+00:00,S
553024316049457216,553024395837308928,2015-01-08 03:04:06+00:00,2015-01-08 03:04:25+00:00,D
552994572297834496,552998622384914432,2015-01-08 01:05:54+00:00,2015-01-08 01:22:00+00:00,D
553139145099710464,553424119635533824,2015-01-08 10:40:23+00:00,2015-01-09 05:32:46+00:00,D
552998990992900096,552999463741317120,2015-01-08 01:23:28+00:00,2015-01-08 01:25:21+00:00,S
553015350560706560,553016289623818240,2015-01-08 02:28:28+00:00,2015-01-08 02:32:12+00:00,D
553009298838519808,553012253155655682,2015-01-08 02:04:25+00:00,2015-01-08 02:16:10+00:00,D
553015876652642304,553020491372322816,2015-01-08 02:30:34+00:00,2015-01-08 02:48:54+00:00,D
553013594468540416,553139145099710464,2015-01-08 02:21:30+00:00,2015-01-08 10:40:23+00:00,D
553012814512549824,553014000364318720,2015-01-08 02:18:24+00:00,2015-01-08 02:23:06+00:00,D
553006953337598016,553009019259191296,2015-01-08 01:55:06+00:00,2015-01-08 02:03:19+00:00,D
553011627641937920,553012964731936768,2015-01-08 02:13:41+00:00,2015-01-08 02:18:59+00:00,S
553004699461627904,553007577790177281,2015-01-08 01:46:09+00:00,2015-01-08 01:57:35+00:00,S
553008291609993216,553011595430088704,2015-01-08 02:00:25+00:00,2015-01-08 02:13:33+00:00,D
553139145099710464,553424363865653249,2015-01-08 10:40:23+00:00,2015-01-09 05:33:45+00:00,D
553024395837308864,553025433076510720,2015-01-08 03:04:25+00:00,2015-01-08 03:08:32+00:00,S
553005720661008384,553008254306238464,2015-01-08 01:50:12+00:00,2015-01-08 02:00:16+00:00,S
553023602082480064,553023733045014528,2015-01-08 03:01:16+00:00,2015-01-08 03:01:47+00:00,D
553014215293042624,553014787928383489,2015-01-08 02:23:58+00:00,2015-01-08 02:26:14+00:00,D
553010382881959936,553013269200654336,2015-01-08 02:08:44+00:00,2015-01-08 02:20:12+00:00,D
553007288953614336,553007721453481986,2015-01-08 01:56:26+00:00,2015-01-08 01:58:09+00:00,D
553004976474423296,553005709797781505,2015-01-08 01:47:15+00:00,2015-01-08 01:50:10+00:00,D
552999353921839104,553000818476335105,2015-01-08 01:24:54+00:00,2015-01-08 01:30:44+00:00,D
553007721453481984,553008350913650688,2015-01-08 01:58:09+00:00,2015-01-08 02:00:39+00:00,D
553010382881959936,553013480497106944,2015-01-08 02:08:44+00:00,2015-01-08 02:21:02+00:00,S
553009167146188800,553010246679945216,2015-01-08 02:03:54+00:00,2015-01-08 02:08:11+00:00,S
553004204365996032,553006192063442946,2015-01-08 01:44:11+00:00,2015-01-08 01:52:05+00:00,S
553013594468540416,553014162369290240,2015-01-08 02:21:30+00:00,2015-01-08 02:23:45+00:00,D
553000496051781632,553002526573076480,2015-01-08 01:29:27+00:00,2015-01-08 01:37:31+00:00,S
553003834633891840,553004599310024704,2015-01-08 01:42:43+00:00,2015-01-08 01:45:45+00:00,S
553003834633891840,553004883734167552,2015-01-08 01:42:43+00:00,2015-01-08 01:46:53+00:00,S
553004976474423296,553005494051160064,2015-01-08 01:47:15+00:00,2015-01-08 01:49:18+00:00,D
553036006803656704,553038618428973056,2015-01-08 03:50:33+00:00,2015-01-08 04:00:56+00:00,S
553037446875983936,553037684592369664,2015-01-08 03:56:16+00:00,2015-01-08 03:57:13+00:00,S
553015147480903680,553016006164353025,2015-01-08 02:27:40+00:00,2015-01-08 02:31:05+00:00,S
553007183026470912,553007348885635072,2015-01-08 01:56:01+00:00,2015-01-08 01:56:41+00:00,S
553006598915112960,553007288953614336,2015-01-08 01:53:42+00:00,2015-01-08 01:56:26+00:00,S
553004387937705984,553007082497396736,2015-01-08 01:44:55+00:00,2015-01-08 01:55:37+00:00,D
553013594468540416,553138155730518016,2015-01-08 02:21:30+00:00,2015-01-08 10:36:27+00:00,D
553001243950710784,553002869033807872,2015-01-08 01:32:25+00:00,2015-01-08 01:38:52+00:00,S
553000496051781632,553003456710340608,2015-01-08 01:29:27+00:00,2015-01-08 01:41:13+00:00,S
553005494051160064,553005720661008384,2015-01-08 01:49:18+00:00,2015-01-08 01:50:12+00:00,D
553009019259191296,553009482632921088,2015-01-08 02:03:19+00:00,2015-01-08 02:05:09+00:00,D
553000496051781632,553002955029643265,2015-01-08 01:29:27+00:00,2015-01-08 01:39:13+00:00,D
553020372212146176,553022082544844800,2015-01-08 02:48:26+00:00,2015-01-08 02:55:13+00:00,D
553022461185236992,553023602082480129,2015-01-08 02:56:44+00:00,2015-01-08 03:01:16+00:00,S
553014215293042624,553015147480903680,2015-01-08 02:23:58+00:00,2015-01-08 02:27:40+00:00,D
553000496051781632,553003298895429632,2015-01-08 01:29:27+00:00,2015-01-08 01:40:35+00:00,S
553003675485229056,553004531366498307,2015-01-08 01:42:05+00:00,2015-01-08 01:45:29+00:00,D
553016991804841984,553019091741458432,2015-01-08 02:35:00+00:00,2015-01-08 02:43:20+00:00,D
553022326879428608,553023316920107008,2015-01-08 02:56:12+00:00,2015-01-08 03:00:08+00:00,S
553013594468540416,553138431199830017,2015-01-08 02:21:30+00:00,2015-01-08 10:37:33+00:00,D
553015147480903680,553015685816020992,2015-01-08 02:27:40+00:00,2015-01-08 02:29:48+00:00,D
553021405668057024,553022698129854464,2015-01-08 02:52:32+00:00,2015-01-08 02:57:40+00:00,D
553009176298131456,553011027751608320,2015-01-08 02:03:56+00:00,2015-01-08 02:11:18+00:00,S
553013594468540416,553139490219638785,2015-01-08 02:21:30+00:00,2015-01-08 10:41:45+00:00,D
553014165183279104,553014908905074688,2015-01-08 02:23:46+00:00,2015-01-08 02:26:43+00:00,S
553004531366498304,553007183026470914,2015-01-08 01:45:29+00:00,2015-01-08 01:56:01+00:00,S
552997674094690304,553000276077342720,2015-01-08 01:18:14+00:00,2015-01-08 01:28:34+00:00,D
552993818816299008,552997674094690305,2015-01-08 01:02:55+00:00,2015-01-08 01:18:14+00:00,D
553014000364318720,553015098051010560,2015-01-08 02:23:06+00:00,2015-01-08 02:27:28+00:00,D
553004976474423296,553005670656524289,2015-01-08 01:47:15+00:00,2015-01-08 01:50:00+00:00,S
553002955029643264,553005325495050240,2015-01-08 01:39:13+00:00,2015-01-08 01:48:38+00:00,D
553014215293042624,553014557010968576,2015-01-08 02:23:58+00:00,2015-01-08 02:25:19+00:00,D
553002739664715776,553003797019369472,2015-01-08 01:38:22+00:00,2015-01-08 01:42:34+00:00,S
553013878821376000,553014215293042688,2015-01-08 02:22:37+00:00,2015-01-08 02:23:58+00:00,D
552996121103331264,552999642573836288,2015-01-08 01:12:04+00:00,2015-01-08 01:26:03+00:00,S
553010382881959936,553013658000056321,2015-01-08 02:08:44+00:00,2015-01-08 02:21:45+00:00,S
552793752239353856,552794404315217920,2015-01-07 11:47:55+00:00,2015-01-07 11:50:31+00:00,S
553026055058243584,553026414191333376,2015-01-08 03:11:00+00:00,2015-01-08 03:12:26+00:00,S
553025165945491456,553025755836596224,2015-01-08 03:07:28+00:00,2015-01-08 03:09:49+00:00,S
553024326107402240,553024654567550977,2015-01-08 03:04:08+00:00,2015-01-08 03:05:27+00:00,D
553026375633076160,553026646845173760,2015-01-08 03:12:17+00:00,2015-01-08 03:13:22+00:00,S
552800748686569536,552801152228917248,2015-01-07 12:15:43+00:00,2015-01-07 12:17:19+00:00,S
552800515743297536,552822474543742976,2015-01-07 12:14:48+00:00,2015-01-07 13:42:03+00:00,D
552839156918140864,552839272123105281,2015-01-07 14:48:20+00:00,2015-01-07 14:48:48+00:00,D
553026018936909760,553029432240521217,2015-01-08 03:10:52+00:00,2015-01-08 03:24:26+00:00,D
552836185052430336,552836470965547009,2015-01-07 14:36:32+00:00,2015-01-07 14:37:40+00:00,S
552800047377956864,552800411380641792,2015-01-07 12:12:56+00:00,2015-01-07 12:14:23+00:00,D
552801421880737792,552801692291723265,2015-01-07 12:18:24+00:00,2015-01-07 12:19:28+00:00,S
552834980838383616,552836185052430336,2015-01-07 14:31:45+00:00,2015-01-07 14:36:32+00:00,S
552802020907036736,552803291089100800,2015-01-07 12:20:47+00:00,2015-01-07 12:25:49+00:00,D
552799389023227904,552799823506980864,2015-01-07 12:10:19+00:00,2015-01-07 12:12:03+00:00,D
552822831588065280,552824049651707904,2015-01-07 13:43:28+00:00,2015-01-07 13:48:19+00:00,S
552824957869506560,552825417762340864,2015-01-07 13:51:55+00:00,2015-01-07 13:53:45+00:00,S
552793552376569856,552794026760749056,2015-01-07 11:47:07+00:00,2015-01-07 11:49:01+00:00,S
552793988181524480,552798744228659200,2015-01-07 11:48:51+00:00,2015-01-07 12:07:45+00:00,D
552793815053271040,552794976707678208,2015-01-07 11:48:10+00:00,2015-01-07 11:52:47+00:00,S
552793988181524480,552794700315643904,2015-01-07 11:48:51+00:00,2015-01-07 11:51:41+00:00,I
553027497353564160,553028216341164033,2015-01-08 03:16:44+00:00,2015-01-08 03:19:36+00:00,D
552799113813966848,552800047377956865,2015-01-07 12:09:13+00:00,2015-01-07 12:12:56+00:00,D
552798175401349120,552798709810212865,2015-01-07 12:05:30+00:00,2015-01-07 12:07:37+00:00,D
552797819267194880,552798196498718720,2015-01-07 12:04:05+00:00,2015-01-07 12:05:35+00:00,D
553024654567550976,553027251730907136,2015-01-08 03:05:27+00:00,2015-01-08 03:15:46+00:00,D
552798273078325248,552799641071529985,2015-01-07 12:05:53+00:00,2015-01-07 12:11:19+00:00,S
552797063243902976,552797841429889024,2015-01-07 12:01:05+00:00,2015-01-07 12:04:10+00:00,D
552801152228917248,552801738366136320,2015-01-07 12:17:19+00:00,2015-01-07 12:19:39+00:00,D
553026055058243584,553026208179687424,2015-01-08 03:11:00+00:00,2015-01-08 03:11:37+00:00,S
553022230880600064,553022698759417856,2015-01-08 02:55:49+00:00,2015-01-08 02:57:40+00:00,D
553023839828201536,553024375537299457,2015-01-08 03:02:12+00:00,2015-01-08 03:04:20+00:00,D
552795865317122048,552796741045854209,2015-01-07 11:56:19+00:00,2015-01-07 11:59:48+00:00,D
552800439339868160,552800968581345280,2015-01-07 12:14:29+00:00,2015-01-07 12:16:36+00:00,D
552801738366136320,552802591328194560,2015-01-07 12:19:39+00:00,2015-01-07 12:23:03+00:00,S
553022495272755200,553023839828201472,2015-01-08 02:56:52+00:00,2015-01-08 03:02:12+00:00,D
552794976707678208,552795257134645248,2015-01-07 11:52:47+00:00,2015-01-07 11:53:54+00:00,D
552794440654663680,552796632824418304,2015-01-07 11:50:39+00:00,2015-01-07 11:59:22+00:00,S
552798348739354560,552799221569818625,2015-01-07 12:06:11+00:00,2015-01-07 12:09:39+00:00,D
552797572394647616,552797924288397313,2015-01-07 12:03:06+00:00,2015-01-07 12:04:30+00:00,D
552798348739354560,552799161910067202,2015-01-07 12:06:11+00:00,2015-01-07 12:09:25+00:00,D
553030288901955584,553031538297012224,2015-01-08 03:27:50+00:00,2015-01-08 03:32:48+00:00,D
553023517747580864,553024145823641600,2015-01-08 03:00:55+00:00,2015-01-08 03:03:25+00:00,D
552800748686569536,552801562230521856,2015-01-07 12:15:43+00:00,2015-01-07 12:18:57+00:00,D
552795257134645248,552795865317122048,2015-01-07 11:53:54+00:00,2015-01-07 11:56:19+00:00,D
552793988181524480,552798273078325250,2015-01-07 11:48:51+00:00,2015-01-07 12:05:53+00:00,D
552796838139809792,552805352295911424,2015-01-07 12:00:11+00:00,2015-01-07 12:34:01+00:00,D
552838390052556800,552839156918140929,2015-01-07 14:45:18+00:00,2015-01-07 14:48:20+00:00,D
553024613723435008,553024964308520960,2015-01-08 03:05:17+00:00,2015-01-08 03:06:40+00:00,D
552802591328194560,552803124852039680,2015-01-07 12:23:03+00:00,2015-01-07 12:25:10+00:00,D
552800748686569536,552805898260086785,2015-01-07 12:15:43+00:00,2015-01-07 12:36:11+00:00,D
552839156918140864,552839413773135872,2015-01-07 14:48:20+00:00,2015-01-07 14:49:22+00:00,D
553016352609664960,553021680155893760,2015-01-08 02:32:27+00:00,2015-01-08 02:53:37+00:00,D
552798146083180480,552798348739354624,2015-01-07 12:05:23+00:00,2015-01-07 12:06:11+00:00,S
552793752239353856,552959134380064769,2015-01-07 11:47:55+00:00,2015-01-07 22:45:05+00:00,D
552799595869507584,552799990540931073,2015-01-07 12:11:08+00:00,2015-01-07 12:12:42+00:00,D
552793552376569856,552795487808798720,2015-01-07 11:47:07+00:00,2015-01-07 11:54:49+00:00,S
553027497353564160,553028020051918848,2015-01-08 03:16:44+00:00,2015-01-08 03:18:49+00:00,S
552798543405383680,552799595869507584,2015-01-07 12:06:57+00:00,2015-01-07 12:11:08+00:00,D
553024375537299456,553025165945491457,2015-01-08 03:04:20+00:00,2015-01-08 03:07:28+00:00,D
552793552376569856,552793799878270976,2015-01-07 11:47:07+00:00,2015-01-07 11:48:06+00:00,D
552801421880737792,552801815050588160,2015-01-07 12:18:24+00:00,2015-01-07 12:19:57+00:00,S
552800411380641792,552800515743297536,2015-01-07 12:14:23+00:00,2015-01-07 12:14:48+00:00,D
552803124852039680,552803822301904896,2015-01-07 12:25:10+00:00,2015-01-07 12:27:56+00:00,S
553022495272755200,553023517747580930,2015-01-08 02:56:52+00:00,2015-01-08 03:00:55+00:00,D
552799500314902464,552834980838383616,2015-01-07 12:10:46+00:00,2015-01-07 14:31:45+00:00,D
552805898260086784,552806728333799425,2015-01-07 12:36:11+00:00,2015-01-07 12:39:29+00:00,D
552806728333799360,552807586555498496,2015-01-07 12:39:29+00:00,2015-01-07 12:42:53+00:00,D
553024654567550976,553026055058243585,2015-01-08 03:05:27+00:00,2015-01-08 03:11:00+00:00,D
553024613723435008,553024766589018113,2015-01-08 03:05:17+00:00,2015-01-08 03:05:53+00:00,D
553022230880600064,553023753354240000,2015-01-08 02:55:49+00:00,2015-01-08 03:01:52+00:00,S
552800111714385920,552800748686569472,2015-01-07 12:13:11+00:00,2015-01-07 12:15:43+00:00,D
552799983750361024,552800439339868160,2015-01-07 12:12:41+00:00,2015-01-07 12:14:29+00:00,S
552959134380064768,552967735614140416,2015-01-07 22:45:05+00:00,2015-01-07 23:19:16+00:00,D
552795253426913280,552797010961911808,2015-01-07 11:53:53+00:00,2015-01-07 12:00:52+00:00,D
552798348739354560,552799036252893184,2015-01-07 12:06:11+00:00,2015-01-07 12:08:55+00:00,I
553025518174756864,553026375633076224,2015-01-08 03:08:52+00:00,2015-01-08 03:12:17+00:00,D
552825417762340864,552825903211085824,2015-01-07 13:53:45+00:00,2015-01-07 13:55:40+00:00,S
553025165945491456,553025518174756864,2015-01-08 03:07:28+00:00,2015-01-08 03:08:52+00:00,S
552795487808798720,552796838139809792,2015-01-07 11:54:49+00:00,2015-01-07 12:00:11+00:00,D
553021866613678080,553022230880600064,2015-01-08 02:54:22+00:00,2015-01-08 02:55:49+00:00,S
553021680155893760,553021866613678081,2015-01-08 02:53:37+00:00,2015-01-08 02:54:22+00:00,D
552799618195800064,552800208296611840,2015-01-07 12:11:14+00:00,2015-01-07 12:13:34+00:00,D
552836470965547008,552838635369013248,2015-01-07 14:37:40+00:00,2015-01-07 14:46:16+00:00,D
552794700315643904,552795253426913280,2015-01-07 11:51:41+00:00,2015-01-07 11:53:53+00:00,I
552803310730616832,552803722900692992,2015-01-07 12:25:54+00:00,2015-01-07 12:27:32+00:00,S
552795874317705216,552816478282473472,2015-01-07 11:56:21+00:00,2015-01-07 13:18:13+00:00,D
552864027773108160,552864183860355072,2015-01-07 16:27:10+00:00,2015-01-07 16:27:47+00:00,D
552829919093198848,552831118966136832,2015-01-07 14:11:38+00:00,2015-01-07 14:16:24+00:00,D
552845718382075904,552855328925024256,2015-01-07 15:14:25+00:00,2015-01-07 15:52:36+00:00,D
552798378762194880,552814227686428674,2015-01-07 12:06:18+00:00,2015-01-07 13:09:17+00:00,I
552816478282473536,552828917736681472,2015-01-07 13:18:13+00:00,2015-01-07 14:07:39+00:00,D
552863738609418240,552863811720331264,2015-01-07 16:26:01+00:00,2015-01-07 16:26:19+00:00,D
552983112905674816,552984030979690497,2015-01-08 00:20:22+00:00,2015-01-08 00:24:01+00:00,D
552794883430166464,552810550296850432,2015-01-07 11:52:25+00:00,2015-01-07 12:54:40+00:00,D
552981424739856384,552982186605834240,2015-01-08 00:13:40+00:00,2015-01-08 00:16:41+00:00,D
552793905821798400,552794752836313088,2015-01-07 11:48:32+00:00,2015-01-07 11:51:54+00:00,D
552977615464587264,552978808811581440,2015-01-07 23:58:32+00:00,2015-01-08 00:03:16+00:00,D
552863443028439040,552863597697966080,2015-01-07 16:24:51+00:00,2015-01-07 16:25:28+00:00,D
552863854473256960,552864208304353280,2015-01-07 16:26:29+00:00,2015-01-07 16:27:53+00:00,D
552982485995651136,552983893356199936,2015-01-08 00:17:53+00:00,2015-01-08 00:23:28+00:00,D
552860216661139456,552860495271583744,2015-01-07 16:12:01+00:00,2015-01-07 16:13:08+00:00,I
552863965521268736,552864027773108224,2015-01-07 16:26:55+00:00,2015-01-07 16:27:10+00:00,D
552855328925024256,552856022021193729,2015-01-07 15:52:36+00:00,2015-01-07 15:55:21+00:00,S
552807960947093504,552808098792869888,2015-01-07 12:44:23+00:00,2015-01-07 12:44:56+00:00,D
552793107813498880,552793905821798400,2015-01-07 11:45:21+00:00,2015-01-07 11:48:32+00:00,D
552982571575832576,552983112905674753,2015-01-08 00:18:13+00:00,2015-01-08 00:20:22+00:00,D
552859696831684608,552859925718630400,2015-01-07 16:09:58+00:00,2015-01-07 16:10:52+00:00,D
552861620930494464,552862691350839297,2015-01-07 16:17:36+00:00,2015-01-07 16:21:51+00:00,S
552828917736681536,552829919093198848,2015-01-07 14:07:39+00:00,2015-01-07 14:11:38+00:00,D
552807484910366720,552807682814390273,2015-01-07 12:42:29+00:00,2015-01-07 12:43:16+00:00,D
552831657871278080,552838948624404480,2015-01-07 14:18:33+00:00,2015-01-07 14:47:31+00:00,S
552795162250731520,552802374507438080,2015-01-07 11:53:31+00:00,2015-01-07 12:22:11+00:00,S
552793107813498880,552798275431309313,2015-01-07 11:45:21+00:00,2015-01-07 12:05:54+00:00,I
552792271243210816,552794653444296706,2015-01-07 11:42:02+00:00,2015-01-07 11:51:30+00:00,S
552861492312571904,552861792112631808,2015-01-07 16:17:06+00:00,2015-01-07 16:18:17+00:00,D
552845341268013056,552845718382075905,2015-01-07 15:12:55+00:00,2015-01-07 15:14:25+00:00,D
552796643817299968,552796966665482240,2015-01-07 11:59:25+00:00,2015-01-07 12:00:41+00:00,D
552793107813498880,552798469292044289,2015-01-07 11:45:21+00:00,2015-01-07 12:06:40+00:00,I
552795874317705216,552829586522644480,2015-01-07 11:56:21+00:00,2015-01-07 14:10:19+00:00,S
552793107813498880,552798438753308672,2015-01-07 11:45:21+00:00,2015-01-07 12:06:32+00:00,I
552863443028439040,552863544404758528,2015-01-07 16:24:51+00:00,2015-01-07 16:25:15+00:00,D
552814227686428736,552814649255555073,2015-01-07 13:09:17+00:00,2015-01-07 13:10:57+00:00,S
552793107813498880,552798430691852288,2015-01-07 11:45:21+00:00,2015-01-07 12:06:31+00:00,I
552793107813498880,552798300232249344,2015-01-07 11:45:21+00:00,2015-01-07 12:05:59+00:00,I
552792271243210816,552793349866790912,2015-01-07 11:42:02+00:00,2015-01-07 11:46:19+00:00,S
552792271243210816,552793132551913472,2015-01-07 11:42:02+00:00,2015-01-07 11:45:27+00:00,S
552860881424756736,552861154570014720,2015-01-07 16:14:40+00:00,2015-01-07 16:15:45+00:00,D
552792271243210816,552793760187555840,2015-01-07 11:42:02+00:00,2015-01-07 11:47:57+00:00,S
552838948624404480,552839566822866944,2015-01-07 14:47:31+00:00,2015-01-07 14:49:58+00:00,D
552861486880530432,552861620930494464,2015-01-07 16:17:04+00:00,2015-01-07 16:17:36+00:00,D
552981424739856384,552982485995651072,2015-01-08 00:13:40+00:00,2015-01-08 00:17:53+00:00,D
552859925718630400,552860881424756737,2015-01-07 16:10:52+00:00,2015-01-07 16:14:40+00:00,D
552842006632747008,552843395102539778,2015-01-07 14:59:40+00:00,2015-01-07 15:05:11+00:00,D
552842293007228864,552848027204210689,2015-01-07 15:00:48+00:00,2015-01-07 15:23:35+00:00,S
552839566822866880,552840198447321088,2015-01-07 14:49:58+00:00,2015-01-07 14:52:29+00:00,D
552827101565308864,552958456865755136,2015-01-07 14:00:26+00:00,2015-01-07 22:42:24+00:00,S
552981696123916224,552985502354124800,2015-01-08 00:14:44+00:00,2015-01-08 00:29:52+00:00,D
552860523705139200,552860652927074306,2015-01-07 16:13:15+00:00,2015-01-07 16:13:45+00:00,D
552842293007228864,552845341268013056,2015-01-07 15:00:48+00:00,2015-01-07 15:12:55+00:00,D
552831657871278080,552833561552637953,2015-01-07 14:18:33+00:00,2015-01-07 14:26:06+00:00,D
552858001540153280,552860216661139456,2015-01-07 16:03:13+00:00,2015-01-07 16:12:01+00:00,D
552864208304353280,552867891402788865,2015-01-07 16:27:53+00:00,2015-01-07 16:42:31+00:00,D
552863470467973120,552863965521268736,2015-01-07 16:24:57+00:00,2015-01-07 16:26:55+00:00,D
552827101565308864,552957627979034624,2015-01-07 14:00:26+00:00,2015-01-07 22:39:06+00:00,D
552861254684250112,552861459785715713,2015-01-07 16:16:09+00:00,2015-01-07 16:16:58+00:00,D
552840198447321024,552842293007228929,2015-01-07 14:52:29+00:00,2015-01-07 15:00:48+00:00,D
552792271243210816,552795442287636480,2015-01-07 11:42:02+00:00,2015-01-07 11:54:38+00:00,D
552863037686689792,552863185259483137,2015-01-07 16:23:14+00:00,2015-01-07 16:23:49+00:00,D
552795162250731520,552796643817299968,2015-01-07 11:53:31+00:00,2015-01-07 11:59:25+00:00,S
552860652927074304,552860870838325249,2015-01-07 16:13:45+00:00,2015-01-07 16:14:37+00:00,S
552793107813498880,552798238475296769,2015-01-07 11:45:21+00:00,2015-01-07 12:05:45+00:00,I
552798232313868224,552798479529955328,2015-01-07 12:05:43+00:00,2015-01-07 12:06:42+00:00,I
552807240701198336,552807484910366720,2015-01-07 12:41:31+00:00,2015-01-07 12:42:29+00:00,D
552860870838325248,552861254684250112,2015-01-07 16:14:37+00:00,2015-01-07 16:16:09+00:00,D
552807682814390336,552807960947093504,2015-01-07 12:43:16+00:00,2015-01-07 12:44:23+00:00,D
552863965521268736,552864127174340609,2015-01-07 16:26:55+00:00,2015-01-07 16:27:34+00:00,D
552958175184707584,552977615464587265,2015-01-07 22:41:17+00:00,2015-01-07 23:58:32+00:00,D
552862315457290240,552862967759265792,2015-01-07 16:20:22+00:00,2015-01-07 16:22:57+00:00,S
552977615464587264,552981696123916289,2015-01-07 23:58:32+00:00,2015-01-08 00:14:44+00:00,D
552982186605834240,552983473648967680,2015-01-08 00:16:41+00:00,2015-01-08 00:21:48+00:00,S
552861636625985536,552862061705711616,2015-01-07 16:17:40+00:00,2015-01-07 16:19:21+00:00,D
552810550296850432,552826830038642689,2015-01-07 12:54:40+00:00,2015-01-07 13:59:21+00:00,D
552792271243210816,552794793613344768,2015-01-07 11:42:02+00:00,2015-01-07 11:52:03+00:00,S
552863196067790848,552863385029971968,2015-01-07 16:23:52+00:00,2015-01-07 16:24:37+00:00,S
552802374507438080,552803310730616832,2015-01-07 12:22:11+00:00,2015-01-07 12:25:54+00:00,S
552862503567622080,552863196067790848,2015-01-07 16:21:07+00:00,2015-01-07 16:23:52+00:00,D
552816583614013440,552817149673082882,2015-01-07 13:18:39+00:00,2015-01-07 13:20:53+00:00,D
552806469217681408,552808637719408641,2015-01-07 12:38:27+00:00,2015-01-07 12:47:04+00:00,S
552805488631758848,552806316855799808,2015-01-07 12:34:33+00:00,2015-01-07 12:37:51+00:00,S
552816366101614592,552816957439741952,2015-01-07 13:17:47+00:00,2015-01-07 13:20:08+00:00,S
552817984524152832,552818473806491650,2015-01-07 13:24:13+00:00,2015-01-07 13:26:09+00:00,D
552813949427544064,552814354588909569,2015-01-07 13:08:10+00:00,2015-01-07 13:09:47+00:00,D
552814935688740864,552815524741001217,2015-01-07 13:12:06+00:00,2015-01-07 13:14:26+00:00,S
552844861322592256,552851028287422464,2015-01-07 15:11:00+00:00,2015-01-07 15:35:31+00:00,S
552807834078171136,552809852834418688,2015-01-07 12:43:52+00:00,2015-01-07 12:51:54+00:00,S
552820369216647168,552823602332975106,2015-01-07 13:33:41+00:00,2015-01-07 13:46:32+00:00,D
552813949427544064,552814516262555648,2015-01-07 13:08:10+00:00,2015-01-07 13:10:26+00:00,D
552812691509616640,552815313394229253,2015-01-07 13:03:11+00:00,2015-01-07 13:13:36+00:00,D
552808456894169024,552814605115064323,2015-01-07 12:46:21+00:00,2015-01-07 13:10:47+00:00,D
552817984524152832,552818300124545025,2015-01-07 13:24:13+00:00,2015-01-07 13:25:28+00:00,I
552815524741001216,552816766414381057,2015-01-07 13:14:26+00:00,2015-01-07 13:19:22+00:00,D
552808637719408640,552844861322592256,2015-01-07 12:47:04+00:00,2015-01-07 15:11:00+00:00,D
552817506964873216,552819015282737153,2015-01-07 13:22:19+00:00,2015-01-07 13:28:18+00:00,D
552806316855799808,552808282440859648,2015-01-07 12:37:51+00:00,2015-01-07 12:45:39+00:00,D
552810267772334080,552812435321536512,2015-01-07 12:53:33+00:00,2015-01-07 13:02:09+00:00,D
552805488631758848,552805987053490179,2015-01-07 12:34:33+00:00,2015-01-07 12:36:32+00:00,S
552811728447078400,552812476019269632,2015-01-07 12:59:21+00:00,2015-01-07 13:02:19+00:00,S
552816366101614592,552816676249403393,2015-01-07 13:17:47+00:00,2015-01-07 13:19:01+00:00,D
552818667293904896,552819494372921346,2015-01-07 13:26:55+00:00,2015-01-07 13:30:13+00:00,D
552811993145835520,552813327018385408,2015-01-07 13:00:24+00:00,2015-01-07 13:05:42+00:00,D
552845552770351104,552851362808360960,2015-01-07 15:13:45+00:00,2015-01-07 15:36:51+00:00,S
552819928315617280,552820213129809921,2015-01-07 13:31:56+00:00,2015-01-07 13:33:04+00:00,D
552816957439742016,552817506964873216,2015-01-07 13:20:08+00:00,2015-01-07 13:22:19+00:00,D
552817356779433984,552817984524152832,2015-01-07 13:21:43+00:00,2015-01-07 13:24:13+00:00,D
552820020904861696,552820369216647169,2015-01-07 13:32:18+00:00,2015-01-07 13:33:41+00:00,D
552843131977498560,552845366630961153,2015-01-07 15:04:08+00:00,2015-01-07 15:13:01+00:00,D
552805488631758848,552805699349016577,2015-01-07 12:34:33+00:00,2015-01-07 12:35:24+00:00,S
552806469217681408,552807385496973312,2015-01-07 12:38:27+00:00,2015-01-07 12:42:06+00:00,D
552805488631758848,552806494283251712,2015-01-07 12:34:33+00:00,2015-01-07 12:38:33+00:00,S
552813227793321984,552814935688740867,2015-01-07 13:05:18+00:00,2015-01-07 13:12:06+00:00,D
552818300124544960,552818667293904898,2015-01-07 13:25:28+00:00,2015-01-07 13:26:55+00:00,D
552805488631758848,552806438440292352,2015-01-07 12:34:33+00:00,2015-01-07 12:38:20+00:00,S
552818327521734656,552818958533816321,2015-01-07 13:25:34+00:00,2015-01-07 13:28:05+00:00,I
552807834078171136,552809757225287681,2015-01-07 12:43:52+00:00,2015-01-07 12:51:31+00:00,S
552819494372921280,552819928315617281,2015-01-07 13:30:13+00:00,2015-01-07 13:31:56+00:00,D
552817735160176640,552818327521734657,2015-01-07 13:23:13+00:00,2015-01-07 13:25:34+00:00,S
552805488631758848,552806943392145408,2015-01-07 12:34:33+00:00,2015-01-07 12:40:20+00:00,S
552816281737363456,552816726144864258,2015-01-07 13:17:27+00:00,2015-01-07 13:19:13+00:00,S
552811993145835520,553121495791464448,2015-01-07 13:00:24+00:00,2015-01-08 09:30:15+00:00,D
552811444119797760,552812691509616642,2015-01-07 12:58:13+00:00,2015-01-07 13:03:11+00:00,D
552807385496973312,552810267772334080,2015-01-07 12:42:06+00:00,2015-01-07 12:53:33+00:00,D
552805488631758848,552807494545076225,2015-01-07 12:34:33+00:00,2015-01-07 12:42:32+00:00,S
552814516262555648,552815897425891328,2015-01-07 13:10:26+00:00,2015-01-07 13:15:55+00:00,D
552805488631758848,552805838323478528,2015-01-07 12:34:33+00:00,2015-01-07 12:35:57+00:00,S
552814605115064320,552816063369326592,2015-01-07 13:10:47+00:00,2015-01-07 13:16:34+00:00,S
552818667293904896,552819213165801472,2015-01-07 13:26:55+00:00,2015-01-07 13:29:05+00:00,D
552814843288223680,552815787484778497,2015-01-07 13:11:44+00:00,2015-01-07 13:15:29+00:00,D
552843131977498560,552844388250816512,2015-01-07 15:04:08+00:00,2015-01-07 15:09:08+00:00,S
552815787484778496,552816583614013440,2015-01-07 13:15:29+00:00,2015-01-07 13:18:39+00:00,S
552812691509616640,552822741250736128,2015-01-07 13:03:11+00:00,2015-01-07 13:43:07+00:00,S
552806469217681408,552808195710664704,2015-01-07 12:38:27+00:00,2015-01-07 12:45:19+00:00,D
552843131977498560,552844115738517504,2015-01-07 15:04:08+00:00,2015-01-07 15:08:03+00:00,D
552817149673082880,552817607452016640,2015-01-07 13:20:53+00:00,2015-01-07 13:22:43+00:00,D
552814843288223680,552816383185010688,2015-01-07 13:11:44+00:00,2015-01-07 13:17:51+00:00,S
552818721874378816,552819783675432960,2015-01-07 13:27:08+00:00,2015-01-07 13:31:21+00:00,S
552808071387701248,552810166492872704,2015-01-07 12:44:49+00:00,2015-01-07 12:53:09+00:00,S
552808071387701248,552808967358140417,2015-01-07 12:44:49+00:00,2015-01-07 12:48:23+00:00,S
552808071387701248,552809763155623936,2015-01-07 12:44:49+00:00,2015-01-07 12:51:32+00:00,S
552907241985413120,552912849509822465,2015-01-07 19:18:53+00:00,2015-01-07 19:41:10+00:00,D
552826511548768256,552826919503544320,2015-01-07 13:58:06+00:00,2015-01-07 13:59:43+00:00,D
552823208119132160,552824577118978048,2015-01-07 13:44:58+00:00,2015-01-07 13:50:24+00:00,D
552808071387701248,552816612278284288,2015-01-07 12:44:49+00:00,2015-01-07 13:18:45+00:00,S
552838398092668928,552839771031359489,2015-01-07 14:45:20+00:00,2015-01-07 14:50:47+00:00,I
552924904283455488,552925625603076097,2015-01-07 20:29:04+00:00,2015-01-07 20:31:56+00:00,D
552808071387701248,552808682291875841,2015-01-07 12:44:49+00:00,2015-01-07 12:47:15+00:00,S
552827239998713856,552827524548657152,2015-01-07 14:00:59+00:00,2015-01-07 14:02:07+00:00,D
552921227774689280,552922291802480640,2015-01-07 20:14:28+00:00,2015-01-07 20:18:41+00:00,D
552827524548657216,552827995900346368,2015-01-07 14:02:07+00:00,2015-01-07 14:03:59+00:00,D
552824577118978048,552825344982806529,2015-01-07 13:50:24+00:00,2015-01-07 13:53:27+00:00,S
552878548676264000,552883383609868290,2015-01-07 17:24:52+00:00,2015-01-07 17:44:05+00:00,D
552924194863075328,552925686114312193,2015-01-07 20:26:15+00:00,2015-01-07 20:32:11+00:00,D
552914941234393088,552916503109328896,2015-01-07 19:49:29+00:00,2015-01-07 19:55:41+00:00,D
552884307245953024,552891301742784514,2015-01-07 17:47:45+00:00,2015-01-07 18:15:33+00:00,S
552922585676390400,552923229921509376,2015-01-07 20:19:51+00:00,2015-01-07 20:22:25+00:00,D
552929972097404928,552930580779003905,2015-01-07 20:49:12+00:00,2015-01-07 20:51:38+00:00,S
552826402094211072,552826986159407104,2015-01-07 13:57:39+00:00,2015-01-07 13:59:59+00:00,S
552918117735993280,552919948692291585,2015-01-07 20:02:06+00:00,2015-01-07 20:09:23+00:00,D
552808071387701248,552814341746331649,2015-01-07 12:44:49+00:00,2015-01-07 13:09:44+00:00,D
552818478852624384,552818739054661636,2015-01-07 13:26:10+00:00,2015-01-07 13:27:12+00:00,S
552817777816641600,552823208119132160,2015-01-07 13:23:23+00:00,2015-01-07 13:44:58+00:00,D
552808071387701248,552808372555493376,2015-01-07 12:44:49+00:00,2015-01-07 12:46:01+00:00,S
552828607278878720,552829720413618177,2015-01-07 14:06:25+00:00,2015-01-07 14:10:51+00:00,D
552826938859864064,552827298320482304,2015-01-07 13:59:47+00:00,2015-01-07 14:01:13+00:00,S
552827625153261568,552828607278878720,2015-01-07 14:02:31+00:00,2015-01-07 14:06:25+00:00,D
552836780316454912,552837424535982082,2015-01-07 14:38:54+00:00,2015-01-07 14:41:27+00:00,D
552823583387713600,552824954505682944,2015-01-07 13:46:27+00:00,2015-01-07 13:51:54+00:00,S
552923356283297792,552926812469493760,2015-01-07 20:22:55+00:00,2015-01-07 20:36:39+00:00,D
552923356283297792,552926626284318723,2015-01-07 20:22:55+00:00,2015-01-07 20:35:55+00:00,D
552818478852624384,552821805254447104,2015-01-07 13:26:10+00:00,2015-01-07 13:39:23+00:00,S
552827995900346368,552828258258280449,2015-01-07 14:03:59+00:00,2015-01-07 14:05:02+00:00,I
552816852788068416,552817777816641536,2015-01-07 13:19:43+00:00,2015-01-07 13:23:23+00:00,S
